sample,True R,True G,True B,Observed R,Observed G,Observed B,Red R,Red G,Red B,Green R,Green G,Green B,Blue R,Blue G,Blue B,camera
8007-11E-1,233,216,197,178,175,166,122,34,39,31,74,47,29,41,93,1
8007-11E-2,233,216,197,173,173,165,120,34,57,30,73,47,29,41,93,1
8007-11E-3,233,216,197,186,181,169,136,34,35,31,80,43,29,43,103,1
8007-11E-4,233,216,197,184,178,164,123,31,33,34,77,44,37,47,97,1
8007-11E-5,233,216,197,187,183,171,141,38,39,31,78,41,31,43,103,1
7002-13-1,234,223,204,188,182,168,122,32,34,30,70,39,33,42,89,1
7002-13-2,234,223,204,186,183,174,123,33,38,30,73,45,31,43,93,1
7002-13-3,234,223,204,185,185,177,124,33,39,31,74,48,32,44,46,1
7002-13-4,234,223,204,182,179,170,119,33,38,33,72,45,36,47,95,1
7002-13-5,234,223,204,186,184,172,127,36,39,33,76,47,33,45,96,1
7006-6-1,241,232,212,185,181,169,122,33,36,33,72,41,36,43,89,1
7006-6-2,241,232,212,186,186,178,119,35,41,35,76,45,39,50,96,1
7006-6-3,241,232,212,190,190,182,123,38,45,37,78,49,41,52,100,1
7006-6-4,241,232,212,188,189,183,120,36,43,37,78,50,71,79,135,1
7006-6-5,241,232,212,184,185,177,120,34,41,34,75,45,35,45,94,1
8007-3G-1,221,237,238,179,181,178,121,32,34,35,73,36,41,46,85,1
8007-3G-2,221,237,238,186,188,185,124,33,35,39,77,40,40,47,86,1
8007-3G-3,221,237,238,186,191,189,123,32,35,39,77,42,41,48,89,1
8007-3G-4,221,237,238,185,190,188,125,35,37,39,78,43,41,48,91,1
8007-3G-5,221,237,238,183,185,181,121,30,32,35,73,36,39,45,85,1
8007-6E-1,243,242,237,190,191,185,118,37,39,40,77,44,40,48,87,1
8007-6E-2,243,242,237,197,198,192,122,38,40,44,83,49,42,51,93,1
8007-6E-3,243,242,237,198,198,192,123,38,40,44,81,48,42,51,92,1
8007-6E-4,243,242,237,196,197,191,122,37,39,43,81,47,44,52,93,1
8007-6E-5,243,242,237,185,186,180,118,36,38,39,76,43,36,44,84,1
7007-1-1,238,231,217,182,182,174,118,28,34,33,73,41,36,47,93,1
7007-1-2,238,231,217,186,187,181,114,24,31,36,79,47,33,45,95,1
7007-1-3,238,231,217,187,188,183,118,29,35,36,79,48,33,45,95,1
7007-1-4,238,231,217,185,187,182,120,30,37,36,79,49,34,47,97,1
7007-1-5,238,231,217,183,183,175,121,33,38,33,73,40,35,45,91,1
7004-21-1,209,211,209,171,173,167,126,37,38,37,77,41,41,49,91,1
7004-21-2,209,211,209,170,171,165,126,35,36,39,78,41,42,50,92,1
7004-21-3,209,211,209,177,177,169,129,38,39,44,83,46,44,52,94,1
7004-21-4,209,211,209,176,176,168,130,39,40,43,82,45,44,52,93,1
7004-21-5,209,211,209,175,175,167,129,37,38,43,82,44,48,55,97,1
2002-5C-1,195,116,102,160,99,80,146,47,46,54,94,51,50,58,99,1
2002-5C-2,195,116,102,160,99,78,149,51,49,59,98,55,59,66,107,1
2002-5C-3,195,116,102,164,102,82,155,55,55,62,104,63,58,67,112,1
2002-5C-4,195,116,102,166,104,85,155,56,56,64,105,64,57,68,113,1
2002-5C-5,195,116,102,164,101,80,154,54,53,61,101,58,57,65,106,1
2003-5C-1,207,134,111,168,114,88,149,65,61,64,99,61,58,65,101,1
2003-5C-2,207,134,111,173,118,90,150,65,61,66,102,63,58,66,102,1
2003-5C-3,207,134,111,179,124,98,155,71,68,64,101,66,65,74,113,1
2003-5C-4,207,134,111,177,123,97,155,71,70,63,100,66,66,75,115,1
2003-5C-5,207,134,111,177,122,96,155,71,68,65,102,65,63,72,110,1
8002-12D-1,210,129,101,170,108,77,139,44,42,55,93,51,48,55,95,1
8002-12D-2,210,129,101,177,116,85,145,51,50,59,99,60,51,60,105,1
8002-12D-3,210,129,101,177,116,86,145,50,50,60,100,63,55,63,108,1
8002-12D-4,210,129,101,175,114,85,146,51,51,60,100,63,54,64,100,1
8002-12D-5,210,129,101,171,109,78,140,44,43,57,96,54,52,60,101,1
8007-11E-1,233,216,197,178,175,166,122,34,39,31,74,47,29,41,93,2
8007-11E-2,233,216,197,173,173,165,120,34,57,30,73,47,29,41,93,2
8007-11E-3,233,216,197,186,181,169,136,34,35,31,80,43,29,43,103,2
8007-11E-4,233,216,197,184,178,164,123,31,33,34,77,44,37,47,97,2
8007-11E-5,233,216,197,187,183,171,141,38,39,31,78,41,31,43,103,2
7002-13-1,234,223,204,188,182,168,122,32,34,30,70,39,33,42,89,2
7002-13-2,234,223,204,186,183,174,123,33,38,30,73,45,31,43,93,2
7002-13-3,234,223,204,185,185,177,124,33,39,31,74,48,32,44,46,2
7002-13-4,234,223,204,182,179,170,119,33,38,33,72,45,36,47,95,2
7002-13-5,234,223,204,186,184,172,127,36,39,33,76,47,33,45,96,2
7006-6-1,241,232,212,185,181,169,122,33,36,33,72,41,36,43,89,2
7006-6-2,241,232,212,186,186,178,119,35,41,35,76,45,39,50,96,2
7006-6-3,241,232,212,190,190,182,123,38,45,37,78,49,41,52,100,2
7006-6-4,241,232,212,188,189,183,120,36,43,37,78,50,71,79,135,2
7006-6-5,241,232,212,184,185,177,120,34,41,34,75,45,35,45,94,2
8007-3G-1,221,237,238,179,181,178,121,32,34,35,73,36,41,46,85,2
8007-3G-2,221,237,238,186,188,185,124,33,35,39,77,40,40,47,86,2
8007-3G-3,221,237,238,186,191,189,123,32,35,39,77,42,41,48,89,2
8007-3G-4,221,237,238,185,190,188,125,35,37,39,78,43,41,48,91,2
8007-3G-5,221,237,238,183,185,181,121,30,32,35,73,36,39,45,85,2
8007-6E-1,243,242,237,190,191,185,118,37,39,40,77,44,40,48,87,2
8007-6E-2,243,242,237,197,198,192,122,38,40,44,83,49,42,51,93,2
8007-6E-3,243,242,237,198,198,192,123,38,40,44,81,48,42,51,92,2
8007-6E-4,243,242,237,196,197,191,122,37,39,43,81,47,44,52,93,2
8007-6E-5,243,242,237,185,186,180,118,36,38,39,76,43,36,44,84,2
7007-1-1,238,231,217,182,182,174,118,28,34,33,73,41,36,47,93,2
7007-1-2,238,231,217,186,187,181,114,24,31,36,79,47,33,45,95,2
7007-1-3,238,231,217,187,188,183,118,29,35,36,79,48,33,45,95,2
7007-1-4,238,231,217,185,187,182,120,30,37,36,79,49,34,47,97,2
7007-1-5,238,231,217,183,183,175,121,33,38,33,73,40,35,45,91,2
7004-21-1,209,211,209,171,173,167,126,37,38,37,77,41,41,49,91,2
7004-21-2,209,211,209,170,171,165,126,35,36,39,78,41,42,50,92,2
7004-21-3,209,211,209,177,177,169,129,38,39,44,83,46,44,52,94,2
7004-21-4,209,211,209,176,176,168,130,39,40,43,82,45,44,52,93,2
7004-21-5,209,211,209,175,175,167,129,37,38,43,82,44,48,55,97,2
2002-5C-1,195,116,102,160,99,80,146,47,46,54,94,51,50,58,99,2
2002-5C-2,195,116,102,160,99,78,149,51,49,59,98,55,59,66,107,2
2002-5C-3,195,116,102,164,102,82,155,55,55,62,104,63,58,67,112,2
2002-5C-4,195,116,102,166,104,85,155,56,56,64,105,64,57,68,113,2
2002-5C-5,195,116,102,164,101,80,154,54,53,61,101,58,57,65,106,2
2003-5C-1,207,134,111,168,114,88,149,65,61,64,99,61,58,65,101,2
2003-5C-2,207,134,111,173,118,90,150,65,61,66,102,63,58,66,102,2
2003-5C-3,207,134,111,179,124,98,155,71,68,64,101,66,65,74,113,2
2003-5C-4,207,134,111,177,123,97,155,71,70,63,100,66,66,75,115,2
2003-5C-5,207,134,111,177,122,96,155,71,68,65,102,65,63,72,110,2
8002-12D-1,210,129,101,170,108,77,139,44,42,55,93,51,48,55,95,2
8002-12D-2,210,129,101,177,116,85,145,51,50,59,99,60,51,60,105,2
8002-12D-3,210,129,101,177,116,86,145,50,50,60,100,63,55,63,108,2
8002-12D-4,210,129,101,175,114,85,146,51,51,60,100,63,54,64,100,2
8002-12D-5,210,129,101,171,109,78,140,44,43,57,96,54,52,60,101,2
2002-6C_8_gamma_3,236,184,174,233,189,151,218,58,46,40,118,74,63,76,143,3
2001-6B_6_gamma_3,125,179,176,203,177,140,192,72,34,32,99,55,35,52,98,3
2003-6C_3_brightness_1,242,201,186,195,172,148,143,24,27,16,60,45,2,13,58,3
8002-12B_8_noise_7,236,187,168,231,199,151,213,60,44,36,122,76,58,76,144,3
2002-4B_6,239,184,184,202,172,133,183,60,23,25,84,41,27,41,82,3
2002-6C_7,236,184,174,198,168,130,188,59,30,26,83,46,26,40,87,3
2003-6C_8_noise_7,242,201,186,229,204,164,209,56,42,31,114,70,49,66,136,3
2002-6C_2_motion_blur_4,236,184,174,240,188,138,219,52,20,40,127,61,56,74,153,3
8002-9B_5_noise_7,238,194,187,204,178,148,187,65,40,30,93,51,30,46,96,3
2002-4B_1,239,184,184,239,181,143,219,47,14,33,130,57,53,71,150,3
2001-4B_6_hue_2,235,189,190,198,127,122,181,17,66,32,77,18,19,63,76,3
8002-9B_1_rotate_8,238,194,187,223,197,164,189,54,48,24,88,61,43,62,112,3
2002-4B_8,239,184,184,238,179,146,216,49,40,42,111,65,55,65,126,3
2002-6C_8_rotate_8,236,184,174,233,187,147,216,54,41,38,114,70,57,71,136,3
2002-4B_5_gaussian_blur_5,239,184,184,210,180,153,156,52,43,36,84,62,24,40,74,3
8002-12C_3_rotate_8,222,158,133,232,161,97,221,45,14,33,125,53,53,68,145,3
8002-12C_2_rotate_8,222,158,133,185,144,99,182,57,33,22,82,48,26,40,89,3
2003-6B_2_noise_7,233,165,140,194,153,104,189,59,35,26,91,52,28,44,96,3
2003-6C_3_motion_blur_4,242,201,186,217,193,169,164,48,51,38,83,68,24,38,79,3
8002-12C_2_noise_7,222,158,133,186,148,104,186,63,38,26,91,53,28,44,98,3
2002-6C_2_clahe_6,236,184,174,216,168,119,209,42,10,29,119,53,46,67,145,3
2001-4B_4_noise_7,235,189,190,218,192,157,190,60,46,26,92,61,45,63,113,3
2002-6C_5_brightness_1,236,184,174,188,148,116,162,28,37,9,48,30,9,16,44,3
8002-9B_7_clahe_6,238,194,187,219,171,133,183,28,44,31,70,47,35,40,70,3
2002-6C_6_motion_blur_4,236,184,174,222,167,136,171,30,44,47,78,60,25,29,58,3
8002-12C_5_hue_2,222,158,133,185,116,100,157,30,68,25,60,36,15,26,46,3
8002-12B_4_gaussian_blur_5,236,187,168,214,172,132,164,31,43,34,72,55,21,27,56,3
2002-4B_2_clahe_6,239,184,184,213,158,119,201,28,6,25,116,48,46,66,145,3
2002-4B_8_gamma_3,239,184,184,239,186,155,220,58,49,51,121,74,65,75,136,3
2003-6C_6_gaussian_blur_5,242,201,186,209,181,141,188,53,31,27,80,43,28,39,84,3
2003-6C_7_motion_blur_4,242,201,186,231,197,159,190,44,54,30,73,53,29,37,68,3
8002-12C_7,222,158,133,213,165,117,195,54,51,24,89,63,48,65,119,3
8002-9B_1_gaussian_blur_5,238,194,187,223,197,164,190,55,49,25,89,62,44,63,114,3
8002-9B_8_motion_blur_4,238,194,187,228,200,161,208,56,35,31,114,68,53,72,138,3
2001-6B_2_gaussian_blur_5,125,179,176,240,181,139,219,50,20,39,126,57,58,74,153,3
8002-12C_8_rotate_8,222,158,133,229,163,106,216,53,41,44,113,66,66,75,133,3
2002-6C_8,236,184,174,233,187,148,217,55,42,38,114,71,60,73,140,3
2003-6B_5_brightness_1,233,165,140,205,152,110,164,37,46,34,73,54,33,38,67,3
2002-6C_2_rotate_8,236,184,174,240,188,138,219,52,20,38,127,60,54,72,151,3
2002-4B_5_rotate_8,239,184,184,210,180,154,156,52,43,37,85,63,23,39,74,3
2002-4B_4_rotate_8,239,184,184,217,185,146,182,55,40,22,87,57,47,66,109,3
2002-6C_3_rotate_8,236,184,174,216,181,156,174,66,64,62,100,85,40,53,89,3
8002-12B_1_rotate_8,236,187,168,241,193,131,220,51,20,40,127,57,57,74,153,3
2001-6B_5_clahe_6,125,179,176,209,161,131,177,24,43,17,64,44,27,38,68,3
2003-6B_1_gaussian_blur_5,233,165,140,235,169,109,214,52,36,40,105,59,56,66,119,3
2002-6C_1_gamma_3,236,184,174,238,190,142,224,53,18,40,137,65,61,78,159,3
8002-12C_3_gaussian_blur_5,222,158,133,232,161,97,221,45,14,30,125,51,54,69,146,3
8002-12B_1_noise_7,236,187,168,241,196,137,217,62,33,50,139,70,65,82,160,3
2001-4B_4_motion_blur_4,235,189,190,218,192,157,188,58,44,24,87,58,42,60,108,3
2002-6C_1,236,184,174,238,185,135,222,46,16,34,130,57,53,70,152,3
2003-6C_1_noise_7,242,201,186,242,206,154,218,55,26,40,139,67,61,79,161,3
2002-4B_3_motion_blur_4,239,184,184,231,181,150,191,44,50,27,70,50,27,36,67,3
8002-12C_7_hue_2,222,158,133,197,117,94,179,33,70,14,73,32,33,67,102,3
8002-9B_3_brightness_1,238,194,187,155,132,114,110,10,9,6,43,28,1,1,39,3
2002-4B_7,239,184,184,227,174,143,172,36,46,47,82,64,29,34,63,3
2002-6C_6,236,184,174,222,167,136,171,31,44,48,79,61,25,29,58,3
8002-12B_7_motion_blur_4,236,187,168,229,190,149,193,46,56,28,73,53,29,38,71,3
2001-6B_7_noise_7,125,179,176,212,182,146,185,59,47,23,93,64,43,65,116,3
2002-4B_1_gamma_3,239,184,184,237,175,136,215,39,10,27,122,50,45,62,142,3
8002-12C_6,222,158,133,228,167,122,212,57,66,35,78,59,30,39,70,3
8002-12C_1,222,158,133,201,155,121,170,54,55,47,89,74,28,42,82,3
2002-6C_1_hue_2,236,184,174,237,153,127,221,9,31,32,129,31,47,93,151,3
8002-12C_8,222,158,133,230,163,107,216,53,40,45,114,67,64,73,131,3
8002-12B_3_motion_blur_4,236,187,168,239,183,124,215,40,13,34,122,48,48,62,137,3
2002-4B_7_brightness_1,239,184,184,178,131,103,129,5,15,16,47,31,2,3,30,3
2002-4B_7_motion_blur_4,239,184,184,227,174,143,172,36,46,48,82,65,29,34,63,3
2003-6C_3_clahe_6,242,201,186,176,154,131,148,31,38,17,61,48,21,36,77,3
2003-6B_3_gamma_3,233,165,140,239,176,108,223,57,22,48,134,66,65,82,160,3
8002-12B_3_hue_2,236,187,168,254,176,108,228,23,1,25,137,38,38,61,151,3
8002-12C_3_gamma_3,222,158,133,229,154,87,217,38,10,24,117,43,46,61,138,3
2001-4B_5_gamma_3,235,189,190,236,185,158,203,48,56,31,70,51,29,36,65,3
2001-6B_6,125,179,176,198,168,130,185,60,25,25,87,45,27,41,86,3
2002-6C_3_brightness_1,236,184,174,209,173,149,168,56,54,53,91,76,30,42,80,3
2001-6B_4_clahe_6,125,179,176,176,146,118,148,40,36,23,68,48,30,46,82,3
2001-4B_5_rotate_8,235,189,190,237,187,160,204,50,58,33,72,53,32,39,67,3
2001-4B_4_rotate_8,235,189,190,217,191,156,189,58,44,24,87,58,43,61,109,3
2001-6B_8_motion_blur_4,125,179,176,235,181,146,213,51,38,37,109,63,54,65,127,3
2002-6C_8_gaussian_blur_5,236,184,174,233,187,148,217,55,42,38,114,71,60,73,140,3
8002-12B_4_motion_blur_4,236,187,168,214,172,132,164,31,43,34,72,56,21,27,57,3
8002-12B_7_hue_2,236,187,168,236,207,173,200,65,69,37,80,63,39,45,79,3
2001-6B_8,125,179,176,235,181,146,213,51,38,37,109,63,53,64,126,3
2002-4B_8_noise_7,239,184,184,238,181,148,217,54,44,42,115,67,59,69,131,3
2001-4B_7_motion_blur_4,235,189,190,226,173,147,168,32,41,37,71,51,28,32,59,3
8002-9B_5_gamma_3,238,194,187,205,180,151,187,65,37,31,89,51,31,46,91,3
2003-6C_6,242,201,186,209,181,141,188,53,31,27,80,43,27,38,84,3
2003-6C_5_brightness_1,242,201,186,190,155,117,137,11,22,15,49,33,2,7,36,3
2003-6C_1,242,201,186,240,204,147,220,46,15,32,129,57,51,69,153,3
2001-6B_8_brightness_1,125,179,176,219,173,144,200,64,52,52,112,74,65,75,128,3
8002-12C_8_clahe_6,222,158,133,185,124,70,174,8,11,2,64,22,30,45,98,3
8002-12B_8_gamma_3,236,187,168,232,203,160,216,67,52,44,129,86,67,87,150,3
2002-6C_8_noise_7,236,184,174,234,190,152,215,66,53,46,125,81,68,82,147,3
2001-6B_6_noise_7,125,179,176,201,173,136,190,69,35,34,103,56,35,51,103,3
2003-6B_8_clahe_6,233,165,140,208,160,112,184,42,44,18,83,57,51,68,120,3
2003-6C_8_gamma_3,242,201,186,229,205,167,211,58,45,34,117,74,52,71,139,3
8002-12C_4_gaussian_blur_5,222,158,133,236,167,98,226,51,21,44,134,60,62,78,159,3
2003-6C_2_brightness_1,242,201,186,194,161,107,174,19,1,9,91,29,23,40,116,3
2003-6B_6_gaussian_blur_5,233,165,140,212,163,123,175,60,60,52,90,77,33,45,84,3
2003-6C_2_clahe_6,242,201,186,193,158,102,178,3,2,3,94,30,29,55,133,3
2001-4B_3_motion_blur_4,235,189,190,208,186,170,161,57,54,47,96,78,28,47,87,3
2003-6B_2_gamma_3,233,165,140,188,142,91,179,47,26,19,75,41,21,33,80,3
2003-6C_8,242,201,186,228,204,163,209,54,40,30,111,68,48,65,134,3
2001-4B_4_gamma_3,235,189,190,217,193,157,190,60,46,25,90,60,44,62,110,3
8002-12B_2_clahe_6,236,187,168,199,168,139,160,46,46,36,77,61,34,48,86,3
8002-12C_2_gamma_3,222,158,133,177,135,88,176,49,28,17,74,41,21,33,81,3
8002-12C_3_hue_2,222,158,133,222,115,83,211,4,20,23,115,22,44,80,136,3
2002-4B_4_motion_blur_4,239,184,184,217,185,146,182,54,39,22,87,57,48,67,110,3
2003-6C_8_hue_2,242,201,186,237,217,159,218,70,32,28,120,83,46,51,143,3
2001-4B_8_gaussian_blur_5,235,189,190,235,188,155,212,49,34,37,108,61,52,63,123,3
2003-6C_6_rotate_8,242,201,186,209,180,140,188,53,31,27,79,43,25,36,81,3
2003-6C_7_rotate_8,242,201,186,232,197,159,190,44,54,30,73,53,29,36,68,3
2001-6B_5_gaussian_blur_5,125,179,176,231,181,149,199,49,58,29,74,54,30,39,70,3
8002-9B_6_gaussian_blur_5,238,194,187,238,189,145,216,48,21,42,127,60,55,73,150,3
2002-6C_1_motion_blur_4,236,184,174,238,185,135,222,47,16,34,129,57,53,70,152,3
2001-6B_7_gamma_3,125,179,176,202,169,130,170,39,29,13,70,45,28,45,93,3
2002-4B_1_noise_7,239,184,184,238,186,150,214,61,31,42,140,67,65,83,159,3
2003-6C_1_gaussian_blur_5,242,201,186,240,204,147,221,46,15,31,128,57,51,69,153,3
2003-6B_3_noise_7,233,165,140,236,174,108,217,58,28,47,134,64,67,84,158,3
8002-12B_3_gaussian_blur_5,236,187,168,239,183,124,214,40,13,34,122,48,48,62,137,3
2001-4B_5_noise_7,235,189,190,238,188,161,204,53,60,34,77,57,33,40,70,3
2002-6C_3_clahe_6,236,184,174,169,137,114,134,28,35,29,66,53,35,49,85,3
2001-4B_7_gaussian_blur_5,235,189,190,226,173,147,168,32,41,37,70,51,28,32,59,3
8002-12C_3_noise_7,222,158,133,232,166,105,219,54,24,38,137,60,64,79,154,3
2001-6B_7,125,179,176,211,181,144,182,53,42,21,86,59,40,60,110,3
2002-4B_6_brightness_1,239,184,184,222,191,153,202,82,46,49,106,64,49,62,104,3
2003-6B_4_brightness_1,233,165,140,216,161,105,201,59,35,47,120,64,63,74,135,3
2002-4B_3_clahe_6,239,184,184,215,166,137,178,30,42,23,66,46,28,37,68,3
2002-6C_5_motion_blur_4,236,184,174,228,183,146,197,47,58,26,69,50,25,34,65,3
2002-4B_2_gaussian_blur_5,239,184,184,242,183,143,220,51,21,41,128,60,57,73,153,3
2003-6B_4_rotate_8,233,165,140,235,166,99,217,44,14,30,119,48,45,61,136,3
2003-6B_5_rotate_8,233,165,140,201,145,102,160,28,39,27,65,48,24,29,58,3
8002-9B_6_clahe_6,238,194,187,189,144,103,183,6,3,4,96,31,39,62,138,3
8002-12C_1_clahe_6,222,158,133,188,142,109,151,36,41,32,74,60,34,47,88,3
8002-12B_1_gamma_3,236,187,168,240,192,128,218,49,18,38,125,56,56,73,152,3
8002-9B_5_brightness_1,238,194,187,177,155,130,162,58,37,31,78,47,33,44,80,3
2003-6C_7,242,201,186,231,197,159,190,44,54,30,73,53,29,37,68,3
2003-6C_4_motion_blur_4,242,201,186,225,200,160,194,52,50,25,87,61,48,64,116,3
2002-6C_1_noise_7,236,184,174,238,186,138,224,51,21,36,136,60,56,74,156,3
2001-4B_7_clahe_6,235,189,190,212,161,134,147,4,27,32,66,47,33,37,64,3
2002-6C_7_gaussian_blur_5,236,184,174,197,168,130,187,59,30,26,83,45,26,40,87,3
2003-6B_1_clahe_6,233,165,140,205,141,84,178,6,10,8,78,34,46,58,110,3
2003-6C_1_gamma_3,242,201,186,239,200,142,217,40,12,27,122,51,46,62,147,3
8002-12C_4_motion_blur_4,222,158,133,236,167,98,226,52,21,44,134,60,62,78,159,3
8002-12B_3,236,187,168,239,183,124,214,40,13,35,122,48,48,62,137,3
8002-12B_4,236,187,168,214,172,132,164,31,43,34,72,56,20,27,56,3
8002-12C_7_brightness_1,222,158,133,250,194,137,229,62,58,27,102,71,52,72,137,3
2003-6C_2_noise_7,242,201,186,241,206,150,216,60,30,47,138,68,63,81,161,3
2001-4B_2_rotate_8,235,189,190,242,190,153,221,46,15,32,129,57,49,68,148,3
2002-6C_2_gamma_3,236,184,174,239,191,142,220,56,22,44,131,65,61,78,158,3
2001-4B_3_rotate_8,235,189,190,208,186,169,162,58,55,44,92,76,29,48,87,3
8002-12B_2_noise_7,236,187,168,217,186,157,172,59,58,54,97,80,34,48,90,3
8002-12C_8_noise_7,222,158,133,230,164,107,217,55,41,45,115,67,65,74,131,3
2002-6C_8_clahe_6,236,184,174,182,140,102,176,7,12,4,76,37,33,53,116,3
2001-6B_6_clahe_6,125,179,176,155,127,90,156,33,9,2,60,22,24,40,85,3
2003-6B_8_noise_7,233,165,140,220,170,121,194,55,52,27,92,66,53,69,123,3
8002-9B_8_brightness_1,238,194,187,253,221,174,229,49,24,20,118,63,46,69,147,3
8002-9B_1_motion_blur_4,238,194,187,223,197,164,189,54,48,25,89,62,44,62,114,3
2003-6B_7_gaussian_blur_5,233,165,140,230,170,120,204,53,61,30,71,53,30,37,66,3
2001-4B_6_gamma_3,235,189,190,206,177,139,188,61,27,27,86,42,27,41,86,3
2002-4B_8_clahe_6,239,184,184,198,143,112,179,4,13,6,78,33,45,57,117,3
2001-6B_4_gaussian_blur_5,125,179,176,208,177,149,161,52,45,41,86,65,27,42,78,3
8002-9B_5_motion_blur_4,238,194,187,201,175,143,182,57,31,25,81,44,25,39,83,3
2003-6C_1_rotate_8,242,201,186,240,204,148,220,46,15,28,126,54,52,71,152,3
8002-9B_7_gamma_3,238,194,187,233,187,151,197,47,56,38,78,54,37,42,72,3
8002-12C_5_gaussian_blur_5,222,158,133,190,132,94,162,25,37,25,64,46,16,21,51,3
2001-6B_4_noise_7,125,179,176,209,179,152,166,58,50,46,94,72,31,49,89,3
2002-4B_2_gamma_3,239,184,184,241,182,142,219,50,20,40,127,59,55,72,152,3
2003-6B_8_rotate_8,233,165,140,219,169,120,193,53,50,25,87,62,50,66,118,3
8002-9B_8_gaussian_blur_5,238,194,187,228,200,161,208,56,35,32,114,68,53,72,138,3
2001-4B_5_hue_2,235,189,190,225,189,157,192,55,52,28,60,47,25,29,56,3
8002-12C_1_noise_7,222,158,133,201,155,121,171,55,56,48,89,75,28,42,82,3
8002-12B_2_gaussian_blur_5,236,187,168,217,184,153,169,54,53,46,87,71,30,43,82,3
2003-6C_8_brightness_1,242,201,186,247,219,172,226,45,30,19,112,63,38,59,138,3
2002-6C_1_clahe_6,236,184,174,173,125,77,176,2,2,5,88,19,17,48,124,3
8002-12B_1_brightness_1,236,187,168,217,169,107,197,27,1,16,103,34,34,51,130,3
2001-4B_7_noise_7,235,189,190,227,176,151,172,38,47,43,79,59,33,38,70,3
2001-4B_6_gaussian_blur_5,235,189,190,207,177,140,188,60,27,26,85,41,26,41,84,3
2003-6B_1_noise_7,233,165,140,236,174,118,212,63,49,48,114,67,68,78,131,3
2001-6B_2_brightness_1,125,179,176,217,156,112,196,22,2,10,100,30,29,47,127,3
8002-12B_6_brightness_1,236,187,168,250,217,174,217,85,80,57,117,91,83,96,144,3
2001-6B_5_brightness_1,125,179,176,254,204,169,224,60,69,38,87,65,39,49,84,3
2003-6B_8_gaussian_blur_5,233,165,140,219,169,120,193,52,50,25,88,63,52,68,120,3
2001-4B_8_rotate_8,235,189,190,235,187,155,211,49,34,39,110,63,52,63,124,3
2001-6B_8_hue_2,125,179,176,237,191,160,215,61,51,44,111,68,62,73,129,3
8002-12B_5,236,187,168,203,170,129,183,53,29,25,79,43,23,34,79,3
8002-9B_7_gaussian_blur_5,238,194,187,232,184,146,194,43,52,34,72,49,33,38,68,3
8002-9B_6_noise_7,238,194,187,238,191,148,217,53,26,46,133,63,60,77,154,3
2001-6B_7_rotate_8,125,179,176,211,181,144,181,53,42,21,85,58,40,60,110,3
8002-12B_2,236,187,168,217,184,153,169,54,53,46,87,71,29,43,82,3
2001-6B_6_rotate_8,125,179,176,199,168,130,185,60,25,24,86,43,26,41,86,3
2002-4B_3_noise_7,239,184,184,231,182,153,193,48,54,31,78,56,31,42,75,3
2001-6B_5_gamma_3,125,179,176,229,175,143,196,42,52,24,65,47,26,33,62,3
2003-6B_3_rotate_8,233,165,140,236,169,99,220,50,20,43,129,61,55,71,150,3
2003-6B_2_rotate_8,233,165,140,190,149,99,186,56,32,24,85,48,26,40,89,3
2003-6B_4_motion_blur_4,233,165,140,235,167,100,217,44,14,28,118,48,47,62,136,3
2003-6C_3_gamma_3,242,201,186,209,182,155,150,34,37,28,66,53,15,25,62,3
2003-6B_3_clahe_6,233,165,140,202,139,71,198,19,5,10,105,37,37,59,136,3
2001-4B_5_clahe_6,235,189,190,202,155,129,177,15,39,24,63,45,32,39,67,3
2002-6C_3_noise_7,236,184,174,216,181,157,175,67,65,64,102,87,41,53,92,3
2002-6C_6_gaussian_blur_5,236,184,174,222,167,136,171,30,44,47,78,60,25,29,58,3
8002-12B_3_gamma_3,236,187,168,237,177,115,210,33,9,28,114,40,40,55,129,3
8002-12C_4_hue_2,222,158,133,242,109,76,231,1,35,45,140,32,45,101,164,3
2002-4B_3_gaussian_blur_5,239,184,184,231,181,150,191,44,51,27,70,50,27,36,67,3
2001-6B_2_motion_blur_4,125,179,176,240,181,139,219,50,20,39,126,57,57,74,152,3
2002-4B_4_gaussian_blur_5,239,184,184,217,185,146,181,54,39,22,87,57,48,67,110,3
2001-4B_6_noise_7,235,189,190,211,185,149,193,74,42,36,100,52,36,53,98,3
2003-6B_3_motion_blur_4,233,165,140,237,170,99,220,50,19,41,128,58,57,73,152,3
8002-12C_4_rotate_8,222,158,133,236,167,98,226,52,21,44,134,61,62,79,159,3
2002-6C_1_gaussian_blur_5,236,184,174,238,185,135,222,47,16,34,129,57,54,71,152,3
8002-12C_5_rotate_8,222,158,133,190,132,94,162,25,37,23,62,44,16,21,51,3
2001-6B_4_gamma_3,125,179,176,208,177,149,161,52,45,40,85,64,27,43,78,3
2003-6B_5,233,165,140,201,145,102,160,28,39,25,64,46,24,29,58,3
2002-4B_2_noise_7,239,184,184,242,184,144,222,53,25,42,132,62,59,76,155,3
8002-9B_6_rotate_8,238,194,187,238,189,145,216,48,21,42,127,59,56,73,150,3
8002-9B_7_rotate_8,238,194,187,232,184,146,195,43,52,34,72,49,33,38,68,3
8002-9B_7_noise_7,238,194,187,232,184,146,196,44,53,36,76,52,35,40,71,3
2003-6B_2,233,165,140,193,151,100,186,56,32,25,85,49,27,41,90,3
2002-4B_8_rotate_8,239,184,184,238,179,147,216,51,41,41,110,63,54,64,125,3
2001-6B_5_motion_blur_4,125,179,176,231,181,149,199,49,58,29,74,54,30,39,70,3
2003-6C_2_gamma_3,242,201,186,237,197,135,214,40,13,30,117,49,45,63,143,3
2003-6B_2_clahe_6,233,165,140,171,131,81,171,41,21,4,65,31,26,40,89,3
2003-6C_7_gaussian_blur_5,242,201,186,232,197,159,190,44,54,30,73,53,29,37,68,3
8002-12B_2_gamma_3,236,187,168,221,191,163,178,65,64,56,99,82,38,53,94,3
8002-12C_2_clahe_6,222,158,133,162,123,79,162,39,19,2,60,27,19,36,85,3
8002-12C_6_brightness_1,222,158,133,174,119,78,160,18,27,2,37,20,1,2,30,3
2002-6C_2_noise_7,236,184,174,240,190,141,219,57,26,44,135,66,61,78,158,3
2003-6B_7_motion_blur_4,233,165,140,230,170,120,204,53,61,30,71,53,30,37,66,3
2001-4B_4_clahe_6,235,189,190,187,163,129,163,35,26,1,62,35,42,60,108,3
8002-9B_3,238,194,187,213,188,168,165,57,57,45,92,76,31,47,88,3
8002-12C_1_brightness_1,222,158,133,159,122,94,134,38,39,31,66,53,16,28,61,3
2002-6C_6_hue_2,236,184,174,233,186,126,182,36,20,46,87,71,27,24,67,3
2003-6B_8_brightness_1,233,165,140,254,220,162,247,81,77,47,123,92,79,99,160,3
8002-9B_5_clahe_6,238,194,187,157,132,103,148,21,9,2,52,17,30,44,88,3
2001-4B_4,235,189,190,218,192,157,188,58,44,24,87,58,42,60,108,3
8002-12C_8_gamma_3,222,158,133,233,175,122,221,68,54,59,129,84,80,89,145,3
8002-12B_8_clahe_6,236,187,168,196,165,118,186,26,23,4,85,44,37,61,126,3
2001-4B_1_gaussian_blur_5,235,189,190,241,188,154,222,51,23,41,130,64,55,71,154,3
2001-4B_3,235,189,190,208,186,170,161,57,54,48,97,78,28,47,87,3
2003-6B_8_gamma_3,233,165,140,224,177,131,199,63,61,33,100,73,62,79,131,3
2003-6C_8_clahe_6,242,201,186,178,155,116,163,2,7,2,64,25,19,46,111,3
8002-12B_4_hue_2,236,187,168,196,183,141,146,60,42,31,54,51,19,17,38,3
8002-12B_5_gaussian_blur_5,236,187,168,203,170,129,183,53,29,24,78,43,24,35,80,3
2003-6C_3_noise_7,242,201,186,217,193,169,166,49,51,40,85,69,25,38,80,3
2002-4B_2_rotate_8,239,184,184,242,183,143,220,51,22,41,128,60,57,73,154,3
2002-6C_5_rotate_8,236,184,174,227,183,146,197,47,58,26,69,50,25,34,65,3
2002-6C_4_rotate_8,236,184,174,215,185,147,187,52,46,23,87,61,44,62,112,3
2002-4B_3_rotate_8,239,184,184,231,181,151,191,44,51,28,71,51,28,37,68,3
2002-6C_8_brightness_1,236,184,174,210,164,124,196,30,18,14,90,47,35,48,116,3
8002-12C_2_gaussian_blur_5,222,158,133,184,143,98,181,57,33,22,82,48,26,40,89,3
8002-12B_6_rotate_8,236,187,168,227,193,147,193,54,49,26,87,61,49,64,113,3
8002-12B_3_noise_7,236,187,168,239,189,133,211,52,26,48,135,60,61,76,148,3
8002-12B_7_rotate_8,236,187,168,229,190,149,193,46,56,29,74,54,29,38,71,3
2002-6C_3_gamma_3,236,184,174,211,172,146,166,56,53,52,88,74,31,42,77,3
2003-6B_3,233,165,140,237,170,99,220,50,19,41,127,57,58,74,153,3
8002-12B_6_hue_2,236,187,168,241,199,129,206,47,30,17,100,70,42,56,128,3
2003-6C_8_gaussian_blur_5,242,201,186,229,204,163,209,54,40,31,111,68,48,65,134,3
2003-6B_4,233,165,140,235,167,100,217,44,14,27,118,48,47,62,136,3
8002-12C_7_motion_blur_4,222,158,133,213,165,117,195,54,51,24,89,63,48,65,119,3
8002-9B_2_motion_blur_4,238,194,187,225,173,134,171,31,40,46,73,54,26,28,53,3
2001-6B_3_gaussian_blur_5,125,179,176,236,175,132,219,46,16,38,130,61,50,67,147,3
2001-4B_1_hue_2,235,189,190,228,166,143,209,19,19,36,117,46,48,76,141,3
2001-6B_7_clahe_6,125,179,176,192,163,128,171,42,35,10,79,51,39,59,109,3
8002-12C_3_motion_blur_4,222,158,133,232,161,97,221,45,14,30,125,51,54,69,146,3
2001-6B_4_brightness_1,125,179,176,200,172,148,158,61,54,50,91,71,37,52,85,3
2001-4B_2,235,189,190,242,190,153,222,47,16,32,130,58,51,69,150,3
8002-12B_7_brightness_1,236,187,168,254,216,169,220,50,61,29,81,58,31,40,79,3
2001-4B_7_gamma_3,235,189,190,222,165,136,159,24,33,29,60,42,20,24,49,3
2002-6C_8_motion_blur_4,236,184,174,232,187,147,217,55,42,38,114,71,59,73,139,3
8002-12C_1_gamma_3,222,158,133,197,149,113,163,47,48,41,82,67,22,36,75,3
8002-12B_1_clahe_6,236,187,168,217,171,109,200,29,4,16,111,43,42,64,141,3
2001-6B_3_brightness_1,125,179,176,241,186,148,225,70,42,62,145,83,72,89,161,3
2001-4B_5,235,189,190,237,187,160,204,50,58,33,72,53,31,38,67,3
2003-6B_1_gamma_3,233,165,140,235,166,104,212,47,33,36,99,54,51,61,114,3
2003-6C_1_clahe_6,242,201,186,193,159,105,185,3,2,5,97,28,22,51,131,3
8002-9B_2,238,194,187,225,173,134,171,31,40,47,74,55,26,28,53,3
2001-4B_7_brightness_1,235,189,190,239,185,157,179,40,50,46,80,60,36,40,69,3
2002-4B_3_gamma_3,239,184,184,229,178,148,189,42,49,25,68,48,26,35,65,3
2001-6B_5_noise_7,125,179,176,231,182,152,199,53,62,32,80,59,33,42,76,3
8002-9B_5,238,194,187,201,174,143,182,57,31,24,80,43,25,39,83,3
8002-9B_6_gamma_3,238,194,187,239,194,153,219,55,27,50,136,68,63,81,158,3
8002-9B_6_motion_blur_4,238,194,187,238,189,145,216,48,21,43,128,60,55,72,150,3
2003-6B_5_gaussian_blur_5,233,165,140,201,145,102,160,28,39,24,63,45,24,29,58,3
2001-6B_6_gaussian_blur_5,125,179,176,198,168,130,184,60,25,24,86,45,27,41,86,3
2002-4B_8_brightness_1,239,184,184,220,157,122,196,20,10,12,84,34,25,36,100,3
2003-6C_4_clahe_6,242,201,186,194,171,130,171,23,34,4,69,45,42,59,111,3
2003-6B_4_gamma_3,233,165,140,234,164,95,215,42,12,24,114,44,43,58,132,3
2001-4B_2_gamma_3,235,189,190,239,180,140,216,34,10,22,115,45,39,55,137,3
2002-4B_8_motion_blur_4,239,184,184,238,179,146,215,49,40,41,111,64,55,65,126,3
8002-12B_4_clahe_6,236,187,168,178,139,100,131,1,20,20,59,42,24,30,60,3
8002-12C_4_gamma_3,222,158,133,234,157,85,221,40,14,34,122,48,50,65,149,3
2003-6C_5_hue_2,242,201,186,219,187,148,161,34,36,35,69,54,20,23,54,3
2002-4B_6_gamma_3,239,184,184,195,163,121,174,49,16,18,72,33,19,31,70,3
2001-6B_3_rotate_8,125,179,176,236,175,132,219,46,16,35,129,59,50,67,146,3
2001-6B_2_rotate_8,125,179,176,240,181,139,219,50,20,39,126,57,57,74,153,3
8002-12C_4,222,158,133,236,167,98,226,52,21,44,134,60,62,78,159,3
2002-4B_3_hue_2,239,184,184,220,179,128,181,46,28,19,60,46,19,22,57,3
8002-9B_3_gamma_3,238,194,187,216,191,171,169,62,62,49,97,81,34,50,93,3
8002-12C_7_gaussian_blur_5,222,158,133,213,165,117,195,54,51,24,89,63,48,65,119,3
2003-6B_6_motion_blur_4,233,165,140,212,163,123,175,60,60,52,90,77,33,45,84,3
8002-12C_3,222,158,133,232,161,97,221,45,14,31,125,51,54,69,146,3
8002-12B_6_noise_7,236,187,168,229,196,152,197,64,59,31,100,71,59,75,125,3
2002-6C_6_gamma_3,236,184,174,226,177,147,181,40,56,57,90,71,33,38,70,3
2001-6B_8_gamma_3,125,179,176,235,182,149,215,53,40,38,111,65,55,66,128,3
8002-12B_8_motion_blur_4,236,187,168,229,197,149,212,57,41,36,119,73,57,75,142,3
2003-6C_6_noise_7,242,201,186,210,181,141,190,53,31,27,80,44,29,40,86,3
2001-6B_4_motion_blur_4,125,179,176,208,177,149,161,52,45,41,86,65,26,42,78,3
2002-6C_3,236,184,174,216,180,156,174,66,64,62,100,85,40,53,89,3
2002-4B_2,239,184,184,242,183,143,220,51,21,41,128,60,56,73,153,3
2002-4B_5,239,184,184,210,180,153,156,52,43,36,84,62,24,40,74,3
2003-6B_7_rotate_8,233,165,140,230,170,120,204,53,61,30,71,53,30,37,66,3
8002-9B_3_hue_2,238,194,187,207,184,143,159,65,39,35,86,79,20,26,82,3
2002-6C_4,236,184,174,215,185,147,187,52,46,23,87,61,44,62,112,3
2003-6B_6_rotate_8,233,165,140,212,163,123,174,59,59,54,92,79,33,45,84,3
2003-6B_2_motion_blur_4,233,165,140,193,151,101,186,56,32,24,84,49,27,41,90,3
8002-12C_4_brightness_1,222,158,133,233,171,110,225,68,42,61,142,75,77,92,163,3
2001-6B_2_clahe_6,125,179,176,199,144,103,189,10,3,3,95,30,41,63,139,3
2001-4B_6_rotate_8,235,189,190,207,178,140,188,60,27,26,85,41,26,41,83,3
8002-12C_7_clahe_6,222,158,133,206,158,110,190,49,47,23,87,61,48,65,119,3
2001-4B_7_rotate_8,235,189,190,225,174,147,168,32,42,35,69,50,29,33,60,3
8002-12B_7_gamma_3,236,187,168,233,201,163,204,62,74,42,91,70,43,53,89,3
2001-4B_1_clahe_6,235,189,190,171,125,92,168,1,1,4,92,31,27,53,133,3
2002-6C_7_noise_7,236,184,174,199,172,135,191,65,37,31,96,53,29,46,97,3
2003-6B_7_clahe_6,233,165,140,219,161,113,191,39,51,26,68,49,36,43,72,3
8002-9B_7_motion_blur_4,238,194,187,232,184,146,195,43,52,34,72,49,33,38,68,3
8002-12C_2,222,158,133,184,143,98,181,57,33,22,82,48,26,40,89,3
2003-6C_7_gamma_3,242,201,186,228,192,153,184,36,46,23,65,45,24,30,59,3
2001-6B_8_rotate_8,125,179,176,234,180,145,212,51,38,37,109,63,54,65,127,3
2002-6C_4_gaussian_blur_5,236,184,174,215,185,147,187,52,46,23,87,61,44,62,112,3
2003-6C_8_motion_blur_4,242,201,186,229,204,163,209,54,41,31,110,68,48,65,134,3
8002-12C_5,222,158,133,190,132,94,162,25,37,25,64,46,16,21,51,3
8002-12C_2_motion_blur_4,222,158,133,184,143,98,181,57,33,22,82,48,26,40,89,3
8002-9B_1_hue_2,238,194,187,208,188,138,174,55,31,15,74,56,31,39,100,3
2002-4B_5_clahe_6,239,184,184,199,169,142,155,51,42,28,77,55,29,45,80,3
2002-4B_1_gaussian_blur_5,239,184,184,239,181,143,219,47,14,32,130,57,52,70,149,3
2001-4B_4_gaussian_blur_5,235,189,190,217,191,156,188,58,44,24,87,58,42,60,108,3
2003-6C_7_hue_2,242,201,186,247,215,176,205,51,57,39,88,66,38,45,84,3
8002-9B_3_motion_blur_4,238,194,187,213,188,168,165,57,56,45,92,76,31,46,87,3
2001-4B_5_brightness_1,235,189,190,175,134,112,149,26,31,12,43,28,9,15,39,3
2003-6B_5_noise_7,233,165,140,203,150,108,164,32,43,29,73,54,29,35,68,3
2002-6C_5_clahe_6,236,184,174,219,174,137,190,38,53,24,67,48,28,37,68,3
2001-4B_3_noise_7,235,189,190,209,188,171,163,59,56,49,99,81,29,48,90,3
8002-12C_5_noise_7,222,158,133,190,135,98,166,29,42,29,73,54,20,26,61,3
2002-4B_7_noise_7,239,184,184,227,174,143,172,36,46,48,82,65,29,34,64,3
8002-12C_8_gaussian_blur_5,222,158,133,230,163,107,216,53,40,45,114,67,64,73,131,3
8002-9B_5_gaussian_blur_5,238,194,187,201,174,143,182,57,31,24,80,43,25,39,83,3
2002-4B_4,239,184,184,217,185,146,181,54,39,22,87,57,48,67,110,3
8002-12C_6_motion_blur_4,222,158,133,228,167,122,212,57,66,35,78,59,30,39,70,3
2002-6C_5,236,184,174,227,183,146,197,47,58,26,69,50,25,34,65,3
2001-6B_1_brightness_1,125,179,176,172,123,93,136,15,22,30,54,38,9,11,34,3
2003-6C_5_rotate_8,242,201,186,218,180,141,162,29,40,31,68,51,20,25,54,3
8002-9B_2_noise_7,238,194,187,224,174,137,175,35,44,49,77,57,29,30,57,3
2003-6C_4_rotate_8,242,201,186,225,200,160,194,52,50,25,87,62,51,67,119,3
2003-6C_2_gaussian_blur_5,242,201,186,240,204,146,218,51,19,40,129,61,57,74,155,3
2002-6C_2,236,184,174,240,188,138,219,52,20,40,127,61,55,73,152,3
2002-4B_3,239,184,184,231,181,150,191,44,50,27,70,50,28,37,67,3
2003-6C_2,242,201,186,240,204,146,218,51,19,40,129,61,57,74,155,3
2003-6C_5_gaussian_blur_5,242,201,186,218,180,141,162,29,40,32,69,52,20,25,54,3
8002-12B_2_rotate_8,236,187,168,217,184,153,169,54,53,47,88,72,30,43,82,3
2002-6C_6_noise_7,236,184,174,223,170,139,175,37,51,53,87,67,29,34,66,3
2001-6B_8_noise_7,125,179,176,235,182,149,214,55,43,40,116,67,56,67,131,3
8002-12B_3_rotate_8,236,187,168,239,183,124,214,40,13,34,121,48,50,65,139,3
8002-9B_2_gaussian_blur_5,238,194,187,225,173,134,171,31,40,47,74,55,26,28,53,3
8002-9B_8_rotate_8,238,194,187,228,200,162,207,55,34,33,115,69,48,67,133,3
8002-12C_6_clahe_6,222,158,133,219,158,113,201,45,58,29,72,53,32,43,73,3
8002-12B_6_gamma_3,236,187,168,227,193,148,193,56,50,25,89,62,53,68,117,3
2003-6C_5,242,201,186,218,180,141,162,29,40,32,69,52,20,25,54,3
2002-6C_1_rotate_8,236,184,174,238,185,135,222,46,15,32,129,57,51,70,151,3
2002-4B_6_rotate_8,239,184,184,201,172,132,184,60,22,26,85,41,25,38,80,3
2002-4B_7_rotate_8,239,184,184,227,174,143,172,36,46,49,83,65,28,33,63,3
2003-6B_6_clahe_6,233,165,140,190,142,102,156,42,46,31,69,56,36,49,87,3
2003-6C_6_gamma_3,242,201,186,208,180,140,187,52,30,26,79,42,26,37,83,3
8002-12C_5_brightness_1,222,158,133,253,186,141,220,59,74,61,106,85,49,55,91,3
2002-4B_4_clahe_6,239,184,184,191,159,121,166,39,28,5,73,44,42,61,103,3
8002-12C_1_motion_blur_4,222,158,133,201,155,121,170,54,55,46,88,73,28,42,82,3
8002-12B_7_gaussian_blur_5,236,187,168,229,190,149,193,46,56,28,73,54,29,38,71,3
8002-9B_1_clahe_6,238,194,187,198,173,142,171,37,36,4,69,45,42,60,111,3
2001-4B_3_gaussian_blur_5,235,189,190,208,186,170,161,57,54,47,96,78,28,47,87,3
2003-6B_4_noise_7,233,165,140,236,168,102,219,46,16,29,122,49,48,63,139,3
2002-4B_6_gaussian_blur_5,239,184,184,202,172,133,182,60,23,25,84,41,27,41,82,3
2001-6B_2,125,179,176,240,181,139,219,50,20,39,126,57,58,74,153,3
2001-6B_4_hue_2,125,179,176,208,192,130,162,82,29,32,85,77,19,19,78,3
8002-12C_4_noise_7,222,158,133,236,169,101,225,55,25,47,139,62,65,81,162,3
2001-4B_2_noise_7,235,189,190,242,192,157,222,55,25,37,140,64,56,74,155,3
2002-6C_4_clahe_6,236,184,174,193,164,127,171,37,35,4,71,46,40,58,108,3
2001-6B_5,125,179,176,231,181,149,199,49,58,29,74,54,30,39,70,3
2003-6B_7_hue_2,233,165,140,243,164,125,217,55,84,35,84,55,35,50,79,3
8002-9B_3_noise_7,238,194,187,213,188,168,166,58,57,46,93,77,32,47,89,3
2002-6C_3_gaussian_blur_5,236,184,174,216,180,156,174,66,64,62,100,85,40,53,89,3
8002-9B_5_hue_2,238,194,187,188,162,126,168,52,21,18,68,35,19,29,71,3
8002-12C_5_motion_blur_4,222,158,133,190,132,94,162,25,37,25,64,46,16,21,51,3
2002-4B_6_noise_7,239,184,184,203,173,136,187,63,26,28,90,44,28,43,87,3
8002-9B_7_hue_2,238,194,187,244,181,127,207,23,28,30,83,53,31,35,80,3
2003-6C_5_clahe_6,242,201,186,177,141,105,139,3,24,18,57,39,21,26,56,3
2003-6B_5_gamma_3,233,165,140,201,148,104,163,28,42,25,66,48,25,30,60,3
8002-12B_5_clahe_6,236,187,168,159,130,89,153,20,10,3,54,21,18,31,75,3
8002-12C_5_gamma_3,222,158,133,185,126,86,157,20,32,21,58,41,13,17,46,3
2001-6B_3_motion_blur_4,125,179,176,236,175,132,219,46,16,38,130,61,50,68,147,3
2001-4B_4_brightness_1,235,189,190,204,178,141,175,39,25,4,69,39,21,41,91,3
8002-9B_8_clahe_6,238,194,187,187,162,125,172,15,9,3,82,38,39,63,127,3
2003-6C_4,242,201,186,225,200,160,194,52,50,24,87,61,47,63,115,3
2003-6B_5_motion_blur_4,233,165,140,201,145,102,160,28,39,25,63,45,24,29,58,3
8002-9B_2_gamma_3,238,194,187,219,161,119,158,21,29,35,60,41,16,18,39,3
8002-12B_8_rotate_8,236,187,168,229,197,149,212,57,42,36,119,74,57,76,142,3
8002-9B_2_rotate_8,238,194,187,225,173,134,171,31,40,48,75,56,27,29,54,3
8002-9B_3_rotate_8,238,194,187,213,188,168,165,57,56,44,91,75,29,45,86,3
8002-12B_4_brightness_1,236,187,168,223,187,151,180,63,73,66,100,85,55,60,86,3
2002-4B_7_gamma_3,239,184,184,231,184,156,183,48,60,59,97,78,40,46,79,3
2003-6B_5_hue_2,233,165,140,188,125,110,147,37,74,23,50,31,22,29,45,3
2003-6C_3,242,201,186,217,193,169,164,48,50,39,83,68,24,37,79,3
8002-12C_1_rotate_8,222,158,133,201,155,121,170,54,55,45,86,71,28,42,81,3
2001-4B_8_motion_blur_4,235,189,190,235,188,155,211,48,33,37,108,61,51,63,123,3
2002-6C_7_gamma_3,236,184,174,207,181,148,199,77,45,41,102,63,41,57,107,3
2001-6B_7_motion_blur_4,125,179,176,211,181,144,181,53,42,21,86,59,40,60,110,3
8002-12B_7_noise_7,236,187,168,230,191,150,195,48,58,29,76,56,31,39,75,3
2003-6C_7_noise_7,242,201,186,232,198,161,192,50,59,32,79,58,32,41,75,3
2001-6B_4,125,179,176,208,177,149,161,52,45,40,85,64,27,43,78,3
2001-6B_3_clahe_6,125,179,176,203,146,104,201,22,7,8,109,41,26,53,129,3
8002-12B_8_gaussian_blur_5,236,187,168,230,198,149,212,57,42,36,119,74,57,75,142,3
2001-6B_3,125,179,176,236,175,132,219,46,16,38,130,61,50,67,147,3
2003-6B_2_gaussian_blur_5,233,165,140,193,151,101,186,56,32,25,85,49,27,41,90,3
2003-6B_1_motion_blur_4,233,165,140,235,169,109,214,51,36,40,105,59,56,66,119,3
2003-6C_1_hue_2,242,201,186,254,208,171,238,29,31,44,146,55,67,101,169,3
8002-12B_5_rotate_8,236,187,168,202,170,129,182,53,29,24,78,43,24,35,79,3
8002-12B_4_rotate_8,236,187,168,214,172,132,165,32,43,34,73,55,21,27,56,3
2001-4B_8_gamma_3,235,189,190,235,188,155,211,48,33,36,108,61,51,62,123,3
2002-4B_5_motion_blur_4,239,184,184,210,180,153,156,52,43,36,84,62,23,39,74,3
8002-12B_1_motion_blur_4,236,187,168,241,193,131,220,51,20,40,127,58,58,75,154,3
2002-4B_1_rotate_8,239,184,184,238,180,142,219,46,14,35,131,58,52,70,148,3
2002-6C_6_rotate_8,236,184,174,222,167,136,171,30,44,43,74,56,26,30,59,3
2002-6C_7_rotate_8,236,184,174,196,167,129,187,59,30,26,84,45,26,40,87,3
8002-12B_6_gaussian_blur_5,236,187,168,227,193,147,193,54,49,25,88,61,51,67,116,3
2001-4B_2_motion_blur_4,235,189,190,242,190,153,222,47,16,33,130,58,51,69,150,3
8002-9B_3_clahe_6,238,194,187,180,155,135,141,35,39,22,70,56,21,40,80,3
2001-4B_2_gaussian_blur_5,235,189,190,242,190,153,222,47,16,32,129,58,51,69,150,3
2002-6C_6_brightness_1,236,184,174,179,129,102,133,9,20,22,50,35,3,7,34,3
2003-6C_4_gaussian_blur_5,242,201,186,225,200,160,194,52,50,25,87,61,48,64,115,3
2003-6C_4_gamma_3,242,201,186,219,192,149,186,40,40,17,73,49,35,51,102,3
2003-6B_2_hue_2,233,165,140,205,159,82,197,59,12,18,96,56,18,28,100,3
8002-9B_3_gaussian_blur_5,238,194,187,213,188,168,165,57,57,45,92,76,31,46,87,3
2002-6C_1_brightness_1,236,184,174,231,183,136,216,54,26,43,132,65,60,77,153,3
8002-12B_4_gamma_3,236,187,168,210,165,123,156,25,36,28,64,48,16,20,49,3
8002-12C_4_clahe_6,222,158,133,181,120,55,184,5,4,5,95,23,31,57,135,3
2001-4B_2_clahe_6,235,189,190,192,144,108,190,7,4,5,97,28,18,50,126,3
2002-6C_4_noise_7,236,184,174,217,189,153,191,62,56,30,101,73,53,70,122,3
8002-12B_7,236,187,168,229,190,149,193,46,56,28,73,54,29,38,71,3
8002-9B_1_noise_7,238,194,187,223,197,164,191,56,50,27,93,65,46,63,116,3
2002-6C_2_gaussian_blur_5,236,184,174,240,188,138,219,52,20,40,127,61,56,73,153,3
2001-4B_6_motion_blur_4,235,189,190,207,177,140,188,61,28,26,85,41,26,41,84,3
8002-12B_5_motion_blur_4,236,187,168,203,170,129,183,53,30,25,79,43,24,35,80,3
2002-4B_1_motion_blur_4,239,184,184,239,181,143,219,47,14,32,130,57,53,71,150,3
2002-4B_4_noise_7,239,184,184,218,187,149,186,60,45,24,97,64,53,74,120,3
2001-6B_2_gamma_3,125,179,176,241,188,148,222,59,25,48,135,66,66,84,160,3
2002-6C_6_clahe_6,236,184,174,203,150,119,142,2,24,32,63,47,31,35,64,3
2001-6B_8_clahe_6,125,179,176,197,147,113,170,3,7,3,71,28,39,53,114,3
8002-12C_6_noise_7,222,158,133,229,171,127,211,63,73,39,86,66,36,46,79,3
2002-4B_7_gaussian_blur_5,239,184,184,227,174,143,172,36,46,47,82,64,29,34,63,3
2003-6B_6_noise_7,233,165,140,214,167,130,179,67,66,58,99,85,41,55,97,3
2003-6C_6_hue_2,242,201,186,203,166,122,182,35,16,19,74,34,20,33,77,3
2003-6C_5_motion_blur_4,242,201,186,218,180,141,162,29,40,33,70,52,20,25,54,3
2002-4B_3_brightness_1,239,184,184,254,238,203,250,79,86,60,109,87,61,71,106,3
2001-6B_3_noise_7,125,179,176,237,179,137,217,54,26,45,140,68,58,75,154,3
2002-4B_5_gamma_3,239,184,184,212,182,155,158,54,45,38,87,65,25,42,76,3
2001-4B_1_gamma_3,235,189,190,238,182,147,219,43,19,33,121,56,47,64,146,3
8002-12C_7_gamma_3,222,158,133,210,162,114,193,51,49,22,85,59,44,61,115,3
8002-12B_7_clahe_6,236,187,168,192,157,117,168,13,38,14,60,42,35,43,78,3
8002-12C_7_rotate_8,222,158,133,213,165,117,195,54,51,25,89,63,48,65,119,3
8002-12C_6_rotate_8,222,158,133,228,167,122,212,57,65,35,78,59,31,40,71,3
2003-6B_7_gamma_3,233,165,140,234,182,135,213,69,78,43,88,68,42,51,82,3
2003-6C_7_clahe_6,242,201,186,208,174,137,175,26,42,25,68,48,34,41,73,3
2002-6C_4_motion_blur_4,236,184,174,215,185,147,187,52,46,23,87,61,44,62,112,3
8002-9B_5_rotate_8,238,194,187,201,175,143,183,57,31,24,80,43,25,38,82,3
2002-4B_8_gaussian_blur_5,239,184,184,238,179,146,215,49,40,41,111,64,55,65,126,3
2001-6B_1_clahe_6,125,179,176,212,157,124,170,29,46,49,76,57,44,48,73,3
2003-6B_3_gaussian_blur_5,233,165,140,237,170,99,220,50,19,41,127,57,58,74,153,3
8002-12B_8,236,187,168,230,198,150,212,57,42,36,119,74,57,75,142,3
2003-6C_1_motion_blur_4,242,201,186,240,204,147,221,46,15,31,128,57,51,69,152,3
8002-12B_1,236,187,168,241,193,131,220,51,20,40,127,58,58,75,154,3
8002-12C_8_brightness_1,222,158,133,191,122,62,177,8,3,5,71,22,19,28,87,3
8002-9B_2_hue_2,238,194,187,218,175,126,165,32,28,41,68,51,22,22,46,3
8002-9B_8_noise_7,238,194,187,229,201,164,210,60,40,34,120,73,57,76,143,3
8002-12C_1_gaussian_blur_5,222,158,133,200,154,120,170,54,55,46,87,73,28,41,82,3
2003-6B_6_brightness_1,233,165,140,159,111,71,123,11,10,11,39,27,0,1,33,3
2003-6C_5_noise_7,242,201,186,219,184,147,167,39,49,43,84,66,30,35,71,3
8002-12B_6,236,187,168,227,193,147,193,54,49,25,88,61,52,67,116,3
8002-12B_5_noise_7,236,187,168,205,173,134,189,60,36,29,91,50,29,42,93,3
2002-6C_5_gamma_3,236,184,174,224,174,134,190,36,46,18,57,39,18,25,53,3
2002-4B_4_gamma_3,239,184,184,213,178,137,174,47,32,17,77,49,40,57,100,3
2001-6B_2_noise_7,125,179,176,240,185,147,216,62,33,50,139,70,68,84,160,3
8002-12C_6_gaussian_blur_5,222,158,133,228,167,122,212,57,66,35,78,59,30,39,70,3
8002-9B_7,238,194,187,232,184,146,194,43,52,34,72,49,33,38,68,3
2001-4B_8_brightness_1,235,189,190,254,234,195,252,69,52,56,140,84,73,86,158,3
2003-6C_6_motion_blur_4,242,201,186,209,181,141,189,54,31,27,79,43,27,38,83,3
8002-9B_1_gamma_3,238,194,187,221,195,162,188,53,47,23,87,60,42,61,112,3
2002-6C_7_motion_blur_4,236,184,174,197,168,130,188,59,30,26,83,45,26,40,87,3
2003-6B_4_gaussian_blur_5,233,165,140,235,167,99,217,44,14,28,118,48,46,62,136,3
8002-12C_6_gamma_3,222,158,133,228,167,122,212,57,66,35,78,59,30,39,70,3
8002-12B_6_clahe_6,236,187,168,179,146,101,165,22,30,2,64,39,39,56,103,3
2001-6B_7_gaussian_blur_5,125,179,176,211,181,144,182,53,42,21,86,59,40,60,110,3
2001-6B_4_rotate_8,125,179,176,208,177,149,161,52,45,40,85,64,26,42,78,3
2001-4B_7,235,189,190,226,173,147,168,32,41,37,71,51,28,32,59,3
8002-12B_8_brightness_1,236,187,168,227,190,135,206,30,14,9,100,50,31,51,127,3
2001-6B_5_rotate_8,125,179,176,231,181,150,199,49,58,29,73,53,30,39,70,3
2003-6B_6_gamma_3,233,165,140,212,164,124,176,61,61,54,92,79,34,46,87,3
2003-6C_1_brightness_1,242,201,186,254,225,158,246,37,3,18,135,49,43,65,165,3
2003-6C_2_motion_blur_4,242,201,186,240,204,146,218,51,19,40,129,61,57,74,155,3
2002-4B_6_hue_2,239,184,184,202,146,115,182,13,6,18,84,23,19,47,81,3
2003-6B_1_rotate_8,233,165,140,236,170,110,215,53,38,38,104,56,56,66,119,3
2003-6B_8,233,165,140,219,169,120,193,52,50,25,88,63,52,68,120,3
2001-4B_8_noise_7,235,189,190,236,189,157,212,50,35,38,113,63,54,65,127,3
2003-6C_8_rotate_8,242,201,186,228,203,163,209,54,41,31,110,68,47,65,133,3
2003-6C_4_noise_7,242,201,186,227,201,164,196,57,55,28,97,68,51,68,122,3
2002-6C_4_gamma_3,236,184,174,217,187,151,190,57,50,26,92,65,47,67,117,3
2003-6B_1,233,165,140,235,169,109,214,51,36,40,105,59,56,66,119,3
8002-12C_8_motion_blur_4,222,158,133,230,163,106,217,53,40,45,114,67,64,73,131,3
8002-12B_4_noise_7,236,187,168,215,173,133,167,33,45,35,76,59,22,28,61,3
2002-6C_7_brightness_1,236,184,174,205,173,134,193,60,30,27,85,47,27,41,90,3
2002-6C_3_motion_blur_4,236,184,174,216,180,156,174,66,64,62,100,85,40,53,89,3
2003-6B_6,233,165,140,212,163,123,175,60,60,52,90,77,33,45,84,3
8002-9B_2_clahe_6,238,194,187,204,154,116,154,6,28,33,60,41,26,30,55,3
8002-9B_8,238,194,187,228,200,161,208,56,35,31,114,68,54,73,139,3
2001-4B_6,235,189,190,206,177,139,188,61,27,26,85,41,26,41,84,3
2001-4B_1_motion_blur_4,235,189,190,241,188,154,222,51,23,41,130,64,55,72,154,3
2001-4B_1_rotate_8,235,189,190,241,188,154,222,51,23,41,129,62,54,71,154,3
8002-9B_6_brightness_1,238,194,187,175,136,99,158,19,2,14,85,29,25,39,103,3
2002-4B_7_clahe_6,239,184,184,210,159,128,159,18,37,36,70,53,32,37,67,3
8002-12B_2_motion_blur_4,236,187,168,217,184,153,169,54,53,45,86,70,30,43,82,3
2001-4B_1,235,189,190,241,188,154,222,51,23,41,130,64,55,71,154,3
2002-4B_6_motion_blur_4,239,184,184,202,172,133,183,60,23,25,84,41,27,40,82,3
2001-4B_8,235,189,190,235,188,155,211,48,33,36,108,61,51,62,123,3
8002-9B_6,238,194,187,238,189,146,216,48,21,43,127,60,55,73,150,3
2003-6C_5_gamma_3,242,201,186,212,170,128,150,19,29,23,55,40,13,17,42,3
2003-6B_5_clahe_6,233,165,140,196,142,98,145,7,30,22,61,43,29,34,64,3
2002-6C_5_noise_7,236,184,174,229,185,150,198,52,62,30,78,57,28,39,73,3
2003-6B_7_brightness_1,233,165,140,221,158,105,193,36,44,12,55,36,13,20,49,3
2001-4B_3_clahe_6,235,189,190,176,154,140,145,41,42,17,68,51,27,46,86,3
8002-12B_5_gamma_3,236,187,168,198,165,122,179,48,25,21,73,37,18,29,74,3
8002-12C_5_clahe_6,222,158,133,159,105,69,144,3,25,10,49,31,19,24,54,3
2002-6C_5_gaussian_blur_5,236,184,174,227,182,146,197,47,58,26,69,50,25,34,65,3
8002-9B_1,238,194,187,223,197,164,190,55,49,25,89,62,45,63,114,3
2003-6B_8_motion_blur_4,233,165,140,219,169,120,193,52,50,25,88,62,53,69,121,3
8002-9B_8_gamma_3,238,194,187,228,201,162,209,58,37,34,117,71,57,76,142,3
2002-4B_2_motion_blur_4,239,184,184,242,183,143,220,51,21,41,128,60,56,73,152,3
2001-6B_3_gamma_3,125,179,176,235,178,136,220,50,17,42,134,64,54,71,151,3
2003-6B_7,233,165,140,230,170,120,204,53,61,30,71,53,30,37,66,3
2002-4B_5_noise_7,239,184,184,211,183,159,161,58,49,43,93,71,30,48,88,3
8002-12B_6_motion_blur_4,236,187,168,227,193,147,193,54,49,25,88,61,52,67,116,3
2002-4B_2_brightness_1,239,184,184,255,196,152,238,51,17,40,136,61,57,76,163,3
2003-6C_3_gaussian_blur_5,242,201,186,217,193,169,164,49,51,38,83,67,24,38,79,3
2001-4B_5_motion_blur_4,235,189,190,237,187,160,204,50,58,33,72,53,31,38,67,3
2002-4B_5_brightness_1,239,184,184,182,152,126,129,25,16,11,57,35,2,12,47,3
2003-6C_2_rotate_8,242,201,186,240,204,146,217,50,18,40,129,61,55,72,153,3
2003-6C_3_rotate_8,242,201,186,217,193,169,164,48,50,38,82,67,25,38,80,3
2001-4B_5_gaussian_blur_5,235,189,190,237,187,160,204,50,58,34,73,54,31,38,67,3
2001-6B_8_gaussian_blur_5,125,179,176,235,181,146,213,51,38,37,109,63,53,64,126,3
8002-12B_1_gaussian_blur_5,236,187,168,241,193,131,220,51,20,40,127,58,58,75,154,3
8002-12C_7_noise_7,222,158,133,214,166,118,196,56,53,25,93,65,48,66,122,3
2001-6B_5_hue_2,125,179,176,245,207,156,213,73,50,34,88,75,35,36,84,3
2001-4B_1_noise_7,235,189,190,242,189,155,224,54,28,44,136,67,56,73,155,3
2002-6C_7_clahe_6,236,184,174,165,137,100,164,35,14,6,65,29,28,41,89,3
2003-6B_7_noise_7,233,165,140,230,171,123,205,58,66,33,77,57,32,41,75,3
1001-4A,185,169,200,167,151,185,168,28,39,2,83,48,35,43,92,4
1001-4A,185,169,200,204,181,228,224,40,66,20,116,74,20,43,119,4
1003-3A,122,75,112,107,54,82,188,25,38,9,88,41,42,45,92,4
1003-3A,122,75,112,164,101,146,249,69,90,21,143,87,33,56,149,4
1003-3B,169,119,162,162,97,133,181,22,37,4,81,35,34,38,84,4
1003-3B,169,119,162,199,127,191,232,16,54,4,105,63,17,40,116,4
1003-3C,196,155,191,180,134,171,164,22,36,1,75,40,32,37,86,4
1003-3C,196,155,191,212,157,215,227,44,76,2,103,62,26,48,130,4
1004-3B,175,113,147,145,84,108,164,20,33,2,78,37,33,37,83,4
1004-3C,203,152,178,176,133,153,163,22,36,1,78,44,30,36,86,4
1004-3C,203,152,178,222,164,204,232,51,79,17,118,75,29,50,135,4
1007-5C,197,144,152,188,130,132,174,24,35,3,80,38,36,40,86,4
1007-5C,197,144,152,232,165,184,233,24,58,4,113,66,23,47,129,4
1008-3C,202,121,131,184,101,109,167,16,30,0,78,38,29,34,82,4
1008-3C,202,121,131,235,130,153,225,15,52,6,106,61,20,40,117,4
1008-5C,188,123,126,169,110,100,172,22,32,1,66,29,23,30,66,4
1008-5C,188,123,126,228,153,161,238,56,79,20,121,75,24,47,130,4
2001-3C,218,130,131,199,111,105,168,21,35,2,77,39,33,38,85,4
2001-3C,218,130,131,243,133,140,231,21,55,2,103,55,25,41,117,4
2002-3B,200,99,97,179,77,63,169,23,22,12,78,33,38,38,75,4
2002-3B,200,99,97,247,118,124,245,39,73,5,116,65,29,50,138,5
8002-8F,151,58,60,149,31,32,196,0,7,0,76,34,16,43,104,5
8007-6G,236,235,232,212,212,203,174,0,0,0,71,30,2,30,85,5
P340-3,232,224,151,193,198,106,176,0,13,0,71,33,7,33,85,5
P350-3,231,221,167,194,197,126,185,0,16,0,81,44,12,36,93,5
P370-5,166,188,123,121,176,83,159,0,0,0,68,28,0,21,81,5
P440-3,157,217,204,128,185,173,180,0,3,0,71,28,7,30,81,5
P480-7,0,102,123,0,69,113,209,0,0,0,90,38,12,42,108,5
P490-7,0,117,151,0,86,151,198,0,4,0,82,37,13,45,107,5
8002-8F,151,58,60,149,31,32,196,0,7,0,76,34,16,43,104,5
8007-6G,236,235,232,212,212,203,174,0,0,0,71,30,2,30,85,5
P340-3,232,224,151,193,198,106,176,0,13,0,71,33,7,33,85,5
P350-3,231,221,167,194,197,126,185,0,16,0,81,44,12,36,93,5
P370-5,166,188,123,121,176,83,159,0,0,0,68,28,0,21,81,5
P440-3,157,217,204,128,185,173,180,0,3,0,71,28,7,30,81,5
P480-7,0,102,123,0,69,113,209,0,0,0,90,38,12,42,108,5
P490-7,0,117,151,0,86,151,198,0,4,0,82,37,13,45,107,5
